code|i94port_raw|i94port_state|i94port_bps|i94port_city
ALC|ALCAN, AK|AK|unknown|ALCAN
ANC|ANCHORAGE, AK|AK|unknown|ANCHORAGE
BAR|BAKER AAF - BAKER ISLAND, AK|AK|unknown|BAKER AAF - BAKER ISLAND
DAC|DALTONS CACHE, AK|AK|unknown|DALTONS CACHE
PIZ|DEW STATION PT LAY DEW, AK|AK|unknown|DEW STATION PT LAY DEW
DTH|DUTCH HARBOR, AK|AK|unknown|DUTCH HARBOR
EGL|EAGLE, AK|AK|unknown|EAGLE
FRB|FAIRBANKS, AK|AK|unknown|FAIRBANKS
HOM|HOMER, AK|AK|unknown|HOMER
HYD|HYDER, AK|AK|unknown|HYDER
JUN|JUNEAU, AK|AK|unknown|JUNEAU
5KE|KETCHIKAN, AK|AK|unknown|KETCHIKAN
KET|KETCHIKAN, AK|AK|unknown|KETCHIKAN
MOS|MOSES POINT INTERMEDIATE, AK|AK|unknown|MOSES POINT INTERMEDIATE
NIK|NIKISKI, AK|AK|unknown|NIKISKI
NOM|NOME, AK|AK|unknown|NOME
PKC|POKER CREEK, AK|AK|unknown|POKER CREEK
ORI|PORT LIONS SPB, AK|AK|unknown|PORT LIONS SPB
SKA|SKAGWAY, AK|AK|unknown|SKAGWAY
SNP|ST. PAUL ISLAND, AK|AK|unknown|ST. PAUL ISLAND
TKI|TOKEEN, AK|AK|unknown|TOKEEN
WRA|WRANGELL, AK|AK|unknown|WRANGELL
HSV|MADISON COUNTY - HUNTSVILLE, AL|AL|unknown|MADISON COUNTY - HUNTSVILLE
MOB|MOBILE, AL|AL|unknown|MOBILE
LIA|LITTLE ROCK, AR (BPS)|AR|(BPS)|LITTLE ROCK
ROG|ROGERS ARPT, AR|AR|unknown|ROGERS ARPT
DOU|DOUGLAS, AZ|AZ|unknown|DOUGLAS
LUK|LUKEVILLE, AZ|AZ|unknown|LUKEVILLE
MAP|MARIPOSA, CA|CA|unknown|MARIPOSA, CA
NAC|NACO, AZ|AZ|unknown|NACO
NOG|NOGALES, AZ|AZ|unknown|NOGALES
PHO|PHOENIX, AZ|AZ|unknown|PHOENIX
POR|PORTAL, AZ|AZ|unknown|PORTAL
SLU|SAN LUIS, AZ|AZ|unknown|SAN LUIS
SAS|SASABE, AZ|AZ|unknown|SASABE
TUC|TUCSON, AZ|AZ|unknown|TUCSON
YUI|YUMA, AZ|AZ|unknown|YUMA
AND|ANDRADE, CA|CA|unknown|ANDRADE
BUR|BURBANK, CA|CA|unknown|BURBANK
CAL|CALEXICO, CA|CA|unknown|CALEXICO
CAO|CAMPO, CA|CA|unknown|CAMPO
FRE|FRESNO, CA|CA|unknown|FRESNO
ICP|IMPERIAL COUNTY, CA|CA|unknown|IMPERIAL COUNTY
LNB|LONG BEACH, CA|CA|unknown|LONG BEACH
LOS|LOS ANGELES, CA|CA|unknown|LOS ANGELES
BFL|MEADOWS FIELD - BAKERSFIELD, CA|CA|unknown|MEADOWS FIELD - BAKERSFIELD
OAK|OAKLAND, CA|CA|unknown|OAKLAND
ONT|ONTARIO, CA|CA|unknown|ONTARIO
OTM|OTAY MESA, CA|CA|unknown|OTAY MESA
BLT|PACIFIC, HWY. STATION, CA|CA|unknown|PACIFIC, HWY. STATION
PSP|PALM SPRINGS, CA|CA|unknown|PALM SPRINGS
SAC|SACRAMENTO, CA|CA|unknown|SACRAMENTO
SLS|SALINAS, CA (BPS)|CA|(BPS)|SALINAS
SDP|SAN DIEGO, CA|CA|unknown|SAN DIEGO
SFR|SAN FRANCISCO, CA|CA|unknown|SAN FRANCISCO
SNJ|SAN JOSE, CA|CA|unknown|SAN JOSE
SLO|SAN LUIS OBISPO, CA|CA|unknown|SAN LUIS OBISPO
SLI|SAN LUIS OBISPO, CA (BPS)|CA|(BPS)|SAN LUIS OBISPO
SPC|SAN PEDRO, CA|CA|unknown|SAN PEDRO
SYS|SAN YSIDRO, CA|CA|unknown|SAN YSIDRO
SAA|SANTA ANA, CA|CA|unknown|SANTA ANA
STO|STOCKTON, CA (BPS)|CA|(BPS)|STOCKTON
TEC|TECATE, CA|CA|unknown|TECATE
TRV|TRAVIS-AFB, CA|CA|unknown|TRAVIS-AFB
APA|ARAPAHOE COUNTY, CO|CO|unknown|ARAPAHOE COUNTY
ASE|ASPEN, CO #ARPT|unknown|unknown|ASPEN, CO #ARPT
COS|COLORADO SPRINGS, CO|CO|unknown|COLORADO SPRINGS
DEN|DENVER, CO|CO|unknown|DENVER
DRO|LA PLATA - DURANGO, CO|CO|unknown|LA PLATA - DURANGO
BDL|BRADLEY INTERNATIONAL, CT|CT|unknown|BRADLEY INTERNATIONAL
BGC|BRIDGEPORT, CT|CT|unknown|BRIDGEPORT
GRT|GROTON, CT|CT|unknown|GROTON
HAR|HARTFORD, CT|CT|unknown|HARTFORD
NWH|NEW HAVEN, CT|CT|unknown|NEW HAVEN
NWL|NEW LONDON, CT|CT|unknown|NEW LONDON
TST|NEWINGTON DATA CENTER TEST, CT|CT|unknown|NEWINGTON DATA CENTER TEST
WAS|WASHINGTON DC|unknown|unknown|WASHINGTON DC
DOV|DOVER AFB, DE|DE|unknown|DOVER AFB
DVD|DOVER-AFB, DE|DE|unknown|DOVER-AFB
WLL|WILMINGTON, DE|DE|unknown|WILMINGTON
BOC|BOCAGRANDE, FL|FL|unknown|BOCAGRANDE
SRQ|BRADENTON - SARASOTA, FL|FL|unknown|BRADENTON - SARASOTA
CAN|CAPE CANAVERAL, FL|FL|unknown|CAPE CANAVERAL
DAB|DAYTONA BEACH INTERNATIONAL, FL|FL|unknown|DAYTONA BEACH INTERNATIONAL
FRN|FERNANDINA, FL|FL|unknown|FERNANDINA
FTL|FORT LAUDERDALE, FL|FL|unknown|FORT LAUDERDALE
FMY|FORT MYERS, FL|FL|unknown|FORT MYERS
FPF|FORT PIERCE, FL|FL|unknown|FORT PIERCE
HUR|HURLBURT FIELD, FL|FL|unknown|HURLBURT FIELD
GNV|J R ADDISON MUNI - GAINESVILLE, FL|FL|unknown|J R ADDISON MUNI - GAINESVILLE
JAC|JACKSONVILLE, FL|FL|unknown|JACKSONVILLE
KEY|KEY WEST, FL|FL|unknown|KEY WEST
LEE|LEESBURG MUNICIPAL AIRPORT, FL|FL|unknown|LEESBURG MUNICIPAL AIRPORT
MLB|MELBOURNE, FL|FL|unknown|MELBOURNE
MIA|MIAMI, FL|FL|unknown|MIAMI
APF|NAPLES, FL #ARPT|unknown|unknown|NAPLES, FL #ARPT
OPF|OPA LOCKA, FL|FL|unknown|OPA LOCKA
ORL|ORLANDO, FL|FL|unknown|ORLANDO
PAN|PANAMA CITY, FL|FL|unknown|PANAMA CITY
PEN|PENSACOLA, FL|FL|unknown|PENSACOLA
PCF|PORT CANAVERAL, FL|FL|unknown|PORT CANAVERAL
PEV|PORT EVERGLADES, FL|FL|unknown|PORT EVERGLADES
PSJ|PORT ST JOE, FL|FL|unknown|PORT ST JOE
SFB|SANFORD, FL|FL|unknown|SANFORD
SGJ|ST AUGUSTINE ARPT, FL|FL|unknown|ST AUGUSTINE ARPT
SAU|ST AUGUSTINE, FL|FL|unknown|ST AUGUSTINE
FPR|ST LUCIE COUNTY, FL|FL|unknown|ST LUCIE COUNTY
SPE|ST PETERSBURG, FL|FL|unknown|ST PETERSBURG
TAM|TAMPA, FL|FL|unknown|TAMPA
WPB|WEST PALM BEACH, FL|FL|unknown|WEST PALM BEACH
ATL|ATLANTA, GA|GA|unknown|ATLANTA
BRU|BRUNSWICK, GA|GA|unknown|BRUNSWICK
AGS|BUSH FIELD - AUGUSTA, GA|GA|unknown|BUSH FIELD - AUGUSTA
SAV|SAVANNAH, GA|GA|unknown|SAVANNAH
AGA|AGANA, GU|GU|unknown|AGANA
HHW|HONOLULU, HI|HI|unknown|HONOLULU
OGG|KAHULUI - MAUI, HI|HI|unknown|KAHULUI - MAUI
KOA|KEAHOLE-KONA, HI|HI|unknown|KEAHOLE-KONA
LIH|LIHUE, HI|HI|unknown|LIHUE
CID|CEDAR RAPIDS/IOWA CITY, IA|IA|unknown|CEDAR RAPIDS/IOWA CITY
DSM|DES MOINES, IA|IA|unknown|DES MOINES
BOI|AIR TERM. (GOWEN FLD) BOISE, ID|ID|unknown|AIR TERM. (GOWEN FLD) BOISE
EPI|EASTPORT, ID|ID|unknown|EASTPORT
IDA|FANNING FIELD - IDAHO FALLS, ID|ID|unknown|FANNING FIELD - IDAHO FALLS
PTL|PORTHILL, ID|ID|unknown|PORTHILL
SPI|CAPITAL - SPRINGFIELD, IL|IL|unknown|CAPITAL - SPRINGFIELD
CHI|CHICAGO, IL|IL|unknown|CHICAGO
DPA|DUPAGE COUNTY, IL|IL|unknown|DUPAGE COUNTY
PIA|GREATER PEORIA, IL|IL|unknown|GREATER PEORIA
RFD|GREATER ROCKFORD, IL|IL|unknown|GREATER ROCKFORD
UGN|MEMORIAL - WAUKEGAN, IL|IL|unknown|MEMORIAL - WAUKEGAN
GAR|GARY, IN|IN|unknown|GARY
HMM|HAMMOND, IN|IN|unknown|HAMMOND
INP|INDIANAPOLIS, IN|IN|unknown|INDIANAPOLIS
MRL|MERRILLVILLE, IN|IN|unknown|MERRILLVILLE
SBN|SOUTH BEND, IN|IN|unknown|SOUTH BEND
ICT|MID-CONTINENT - WICHITA, KS|KS|unknown|MID-CONTINENT - WICHITA
LEX|BLUE GRASS - LEXINGTON, KY|KY|unknown|BLUE GRASS - LEXINGTON
LOU|LOUISVILLE, KY|KY|unknown|LOUISVILLE
BTN|BATON ROUGE, LA|LA|unknown|BATON ROUGE
LKC|LAKE CHARLES, LA|LA|unknown|LAKE CHARLES
LAK|LAKE CHARLES, LA (BPS)|LA|(BPS)|LAKE CHARLES
MLU|MONROE, LA|LA|unknown|MONROE
MGC|MORGAN CITY, LA|LA|unknown|MORGAN CITY
NOL|NEW ORLEANS, LA|LA|unknown|NEW ORLEANS
BOS|BOSTON, MA|MA|unknown|BOSTON
GLO|GLOUCESTER, MA|MA|unknown|GLOUCESTER
BED|HANSCOM FIELD - BEDFORD, MA|MA|unknown|HANSCOM FIELD - BEDFORD
LYN|LYNDEN, WA|WA|unknown|LYNDEN
ADW|ANDREWS AFB, MD|MD|unknown|ANDREWS AFB
BAL|BALTIMORE, MD|MD|unknown|BALTIMORE
MKG|MUSKEGON, MI|MI|unknown|MUSKEGON
PAX|PATUXENT RIVER, MD|MD|unknown|PATUXENT RIVER
BGM|BANGOR, ME|ME|unknown|BANGOR
BOO|BOOTHBAY HARBOR, ME|ME|unknown|BOOTHBAY HARBOR
BWM|BRIDGEWATER, ME|ME|unknown|BRIDGEWATER
BCK|BUCKSPORT, ME|ME|unknown|BUCKSPORT
CLS|CALAIS, ME|ME|unknown|CALAIS
CRB|CARIBOU, ME|ME|unknown|CARIBOU
COB|COBURN GORE, ME|ME|unknown|COBURN GORE
EST|ESTCOURT, ME|ME|unknown|ESTCOURT
EPT|EASTPORT MUNICIPAL, ME|ME|unknown|EASTPORT MUNICIPAL
EPM|EASTPORT, ME|ME|unknown|EASTPORT
FOR|FOREST CITY, ME|ME|unknown|FOREST CITY
FTF|FORT FAIRFIELD, ME|ME|unknown|FORT FAIRFIELD
FTK|FORT KENT, ME|ME|unknown|FORT KENT
HML|HAMLIN, ME|ME|unknown|HAMLIN
HTM|HOULTON, ME|ME|unknown|HOULTON
JKM|JACKMAN, ME|ME|unknown|JACKMAN
KAL|KALISPELL, MT|MT|unknown|KALISPELL
LIM|LIMESTONE, ME|ME|unknown|LIMESTONE
LUB|LUBEC, ME|ME|unknown|LUBEC
MAD|MADAWASKA, ME|ME|unknown|MADAWASKA
POM|PORTLAND, ME|ME|unknown|PORTLAND
RGM|RANGELEY, ME (BPS)|ME|(BPS)|RANGELEY
SBR|SOUTH BREWER, ME|ME|unknown|SOUTH BREWER
SRL|ST AURELIE, ME|ME|unknown|ST AURELIE
SPA|ST PAMPHILE, ME|ME|unknown|ST PAMPHILE
VNB|VAN BUREN, ME|ME|unknown|VAN BUREN
VCB|VANCEBORO, ME|ME|unknown|VANCEBORO
AGN|ALGONAC, MI|MI|unknown|ALGONAC
ALP|ALPENA, MI|MI|unknown|ALPENA
BCY|BAY CITY, MI|MI|unknown|BAY CITY
DET|DETROIT, MI|MI|unknown|DETROIT
GRP|GRAND RAPIDS, MI|MI|unknown|GRAND RAPIDS
GRO|GROSSE ILE, MI|MI|unknown|GROSSE ILE
ISL|ISLE ROYALE, MI|MI|unknown|ISLE ROYALE
MRC|MARINE CITY, MI|MI|unknown|MARINE CITY
MRY|MARYSVILLE, MI|MI|unknown|MARYSVILLE
PTK|OAKLAND COUNTY - PONTIAC, MI|MI|unknown|OAKLAND COUNTY - PONTIAC
PHU|PORT HURON, MI|MI|unknown|PORT HURON
RBT|ROBERTS LANDING, MI|MI|unknown|ROBERTS LANDING
SAG|SAGINAW, MI|MI|unknown|SAGINAW
SSM|SAULT STE. MARIE, MI|MI|unknown|SAULT STE. MARIE
SCL|ST CLAIR, MI|MI|unknown|ST CLAIR
YIP|WILLOW RUN - YPSILANTI, MI|MI|unknown|WILLOW RUN - YPSILANTI
BAU|BAUDETTE, MN|MN|unknown|BAUDETTE
CAR|CARIBOU MUNICIPAL AIRPORT, ME|ME|unknown|CARIBOU MUNICIPAL AIRPORT
GTF|Collapsed into INT, MN|MN|unknown|Collapsed into INT
INL|Collapsed into INT, MN|MN|unknown|Collapsed into INT
CRA|CRANE LAKE, MN|MN|unknown|CRANE LAKE
MIC|CRYSTAL AIRPORT, MN|MN|unknown|CRYSTAL AIRPORT
DUL|DULUTH, MN|MN|unknown|DULUTH
ELY|ELY, MN|MN|unknown|ELY
GPM|GRAND PORTAGE, MN|MN|unknown|GRAND PORTAGE
SVC|GRANT COUNTY - SILVER CITY, NM|NM|unknown|GRANT COUNTY - SILVER CITY
INT|INT''L FALLS, MN|MN|unknown|INT''L FALLS
LAN|LANCASTER, MN|MN|unknown|LANCASTER
MSP|MINN./ST PAUL, MN|MN|unknown|MINN./ST PAUL
LIN|NORTHERN SVC CENTER, MN|MN|unknown|NORTHERN SVC CENTER
NOY|NOYES, MN|MN|unknown|NOYES
PIN|PINECREEK, MN|MN|unknown|PINECREEK
48Y|PINECREEK BORDER ARPT, MN|MN|unknown|PINECREEK BORDER ARPT
RAN|RANIER, MN|MN|unknown|RANIER
RST|ROCHESTER, MN|MN|unknown|ROCHESTER
ROS|ROSEAU, MN|MN|unknown|ROSEAU
SPM|ST PAUL, MN|MN|unknown|ST PAUL
WSB|WARROAD INTL, SPB, MN|MN|unknown|WARROAD INTL, SPB
WAR|WARROAD, MN|MN|unknown|WARROAD
KAN|KANSAS CITY, MO|MO|unknown|KANSAS CITY
SGF|SPRINGFIELD-BRANSON, MO|MO|unknown|SPRINGFIELD-BRANSON
STL|ST LOUIS, MO|MO|unknown|ST LOUIS
WHI|WHITETAIL, MT|MT|unknown|WHITETAIL
WHM|WILD HORSE, MT|MT|unknown|WILD HORSE
GPT|BILOXI REGIONAL, MS|MS|unknown|BILOXI REGIONAL
GTR|GOLDEN TRIANGLE LOWNDES CNTY, MS|MS|unknown|GOLDEN TRIANGLE LOWNDES CNTY
GUL|GULFPORT, MS|MS|unknown|GULFPORT
PAS|PASCAGOULA, MS|MS|unknown|PASCAGOULA
JAN|THOMPSON FIELD - JACKSON, MS|MS|unknown|THOMPSON FIELD - JACKSON
BIL|BILLINGS, MT|MT|unknown|BILLINGS
BTM|BUTTE, MT|MT|unknown|BUTTE
CHF|CHIEF MT, MT|MT|unknown|CHIEF MT
CTB|CUT BANK MUNICIPAL, MT|MT|unknown|CUT BANK MUNICIPAL
CUT|CUT BANK, MT|MT|unknown|CUT BANK
DLB|DEL BONITA, MT|MT|unknown|DEL BONITA
EUR|EUREKA, MT (BPS)|MT|(BPS)|EUREKA
BZN|GALLATIN FIELD - BOZEMAN, MT|MT|unknown|GALLATIN FIELD - BOZEMAN
FCA|GLACIER NATIONAL PARK, MT|MT|unknown|GLACIER NATIONAL PARK
GGW|GLASGOW, MT|MT|unknown|GLASGOW
GRE|GREAT FALLS, MT|MT|unknown|GREAT FALLS
HVR|HAVRE, MT|MT|unknown|HAVRE
HEL|HELENA, MT|MT|unknown|HELENA
LWT|LEWISTOWN, MT|MT|unknown|LEWISTOWN
MGM|MORGAN, MT|MT|unknown|MORGAN
OPH|OPHEIM, MT|MT|unknown|OPHEIM
PIE|PIEGAN, MT|MT|unknown|PIEGAN
RAY|RAYMOND, MT|MT|unknown|RAYMOND
ROO|ROOSVILLE, MT|MT|unknown|ROOSVILLE
SCO|SCOBEY, MT|MT|unknown|SCOBEY
SWE|SWEET GRASS, MT|MT|unknown|SWEET GRASS
TRL|TRAILCREEK, MT|MT|unknown|TRAILCREEK
TUR|TURNER, MT|MT|unknown|TURNER
WCM|WILLOW CREEK, MT|MT|unknown|WILLOW CREEK
CLT|CHARLOTTE, NC|NC|unknown|CHARLOTTE
FAY|FAYETTEVILLE, NC|NC|unknown|FAYETTEVILLE
MRH|MOREHEAD CITY, NC|NC|unknown|MOREHEAD CITY
FOP|MORRIS FIELDS AAF, NC|NC|unknown|MORRIS FIELDS AAF
GSO|PIEDMONT TRIAD INTL AIRPORT, NC|NC|unknown|PIEDMONT TRIAD INTL AIRPORT
RDU|RALEIGH/DURHAM, NC|NC|unknown|RALEIGH/DURHAM
SSC|SHAW AFB - SUMTER, SC|SC|unknown|SHAW AFB - SUMTER
WIL|WILMINGTON, NC|NC|unknown|WILMINGTON
AMB|AMBROSE, ND|ND|unknown|AMBROSE
ANT|ANTLER, ND|ND|unknown|ANTLER
CRY|CARBURY, ND|ND|unknown|CARBURY
DNS|DUNSEITH, ND|ND|unknown|DUNSEITH
FAR|FARGO, ND|ND|unknown|FARGO
FRT|FORTUNA, ND|ND|unknown|FORTUNA
GRF|GRAND FORKS, ND|ND|unknown|GRAND FORKS
HNN|HANNAH, ND|ND|unknown|HANNAH
HNS|HANSBORO, ND|ND|unknown|HANSBORO
MAI|MAIDA, ND|ND|unknown|MAIDA
MND|MINOT, ND|ND|unknown|MINOT
NEC|NECHE, ND|ND|unknown|NECHE
NOO|NOONAN, ND|ND|unknown|NOONAN
NRG|NORTHGATE, ND|ND|unknown|NORTHGATE
PEM|PEMBINA, ND|ND|unknown|PEMBINA
SAR|SARLES, ND|ND|unknown|SARLES
SHR|SHERWOOD, ND|ND|unknown|SHERWOOD
SJO|ST JOHN, ND|ND|unknown|ST JOHN
WAL|WALHALLA, ND|ND|unknown|WALHALLA
WHO|WESTHOPE, ND|ND|unknown|WESTHOPE
WND|WILLISTON, ND|ND|unknown|WILLISTON
OMA|OMAHA, NE|NE|unknown|OMAHA
LEB|LEBANON, NH|NH|unknown|LEBANON
MHT|MANCHESTER, NH|NH|unknown|MANCHESTER
PNH|PITTSBURG, NH|NH|unknown|PITTSBURG
PSM|PORTSMOUTH, NH|NH|unknown|PORTSMOUTH
BYO|BAYONNE, NJ|NJ|unknown|BAYONNE
CNJ|CAMDEN, NJ|NJ|unknown|CAMDEN
HOB|HOBOKEN, NJ|NJ|unknown|HOBOKEN
JER|JERSEY CITY, NJ|NJ|unknown|JERSEY CITY
WRI|MC GUIRE AFB - WRIGHTSOWN, NJ|NJ|unknown|MC GUIRE AFB - WRIGHTSOWN
MMU|MORRISTOWN, NJ|NJ|unknown|MORRISTOWN
NEW|NEWARK/TETERBORO, NJ|NJ|unknown|NEWARK/TETERBORO
PER|PERTH AMBOY, NJ|NJ|unknown|PERTH AMBOY
ACY|POMONA FIELD - ATLANTIC CITY, NJ|NJ|unknown|POMONA FIELD - ATLANTIC CITY
ALA|ALAMAGORDO, NM (BPS)|NM|(BPS)|ALAMAGORDO
ABQ|ALBUQUERQUE, NM|NM|unknown|ALBUQUERQUE
ANP|ANTELOPE WELLS, NM|NM|unknown|ANTELOPE WELLS
CRL|CARLSBAD, NM|NM|unknown|CARLSBAD
COL|COLUMBUS, NM|NM|unknown|COLUMBUS
CDD|CRANE LAKE - ST. LOUIS CNTY, MN|MN|unknown|CRANE LAKE - ST. LOUIS CNTY
DNM|DEMING, NM (BPS)|NM|(BPS)|DEMING
LAS|LAS CRUCES, NM|NM|unknown|LAS CRUCES
LOB|LORDSBURG, NM (BPS)|NM|(BPS)|LORDSBURG
RUI|RUIDOSO, NM|NM|unknown|RUIDOSO
STR|SANTA TERESA, NM|NM|unknown|SANTA TERESA
RNO|CANNON INTL - RENO/TAHOE, NV|NV|unknown|CANNON INTL - RENO/TAHOE
FLX|FALLON MUNICIPAL AIRPORT, NV|NV|unknown|FALLON MUNICIPAL AIRPORT
LVG|LAS VEGAS, NV|NV|unknown|LAS VEGAS
REN|RENO, NV|NV|unknown|RENO
ALB|ALBANY, NY|NY|unknown|ALBANY
AXB|ALEXANDRIA BAY, NY|NY|unknown|ALEXANDRIA BAY
BUF|BUFFALO, NY|NY|unknown|BUFFALO
CNH|CANNON CORNERS, NY|NY|unknown|CANNON CORNERS
CAP|CAPE VINCENT, NY|NY|unknown|CAPE VINCENT
CHM|CHAMPLAIN, NY|NY|unknown|CHAMPLAIN
CHT|CHATEAUGAY, NY|NY|unknown|CHATEAUGAY
CLA|CLAYTON, NY|NY|unknown|CLAYTON
FTC|FORT COVINGTON, NY|NY|unknown|FORT COVINGTON
LAG|LA GUARDIA, NY|NY|unknown|LA GUARDIA
LEW|LEWISTON, NY|NY|unknown|LEWISTON
MAS|MASSENA, NY|NY|unknown|MASSENA
MAG|MCGUIRE AFB, NY|NY|unknown|MCGUIRE AFB
MOO|MOOERS, NY|NY|unknown|MOOERS
MRR|MORRISTOWN, NY|NY|unknown|MORRISTOWN
NYC|NEW YORK, NY|NY|unknown|NEW YORK
NIA|NIAGARA FALLS, NY|NY|unknown|NIAGARA FALLS
OGD|OGDENSBURG, NY|NY|unknown|OGDENSBURG
OSW|OSWEGO, NY|NY|unknown|OSWEGO
ELM|REGIONAL ARPT - HORSEHEADS, NY|NY|unknown|REGIONAL ARPT - HORSEHEADS
ROC|ROCHESTER, NY|NY|unknown|ROCHESTER
ROU|ROUSES POINT, NY|NY|unknown|ROUSES POINT
SWF|STEWART - ORANGE CNTY, NY|NY|unknown|STEWART - ORANGE CNTY
SYR|SYRACUSE, NY|NY|unknown|SYRACUSE
THO|THOUSAND ISLAND BRIDGE, NY|NY|unknown|THOUSAND ISLAND BRIDGE
TRO|TROUT RIVER, NY|NY|unknown|TROUT RIVER
WAT|WATERTOWN, NY|NY|unknown|WATERTOWN
HPN|WESTCHESTER - WHITE PLAINS, NY|NY|unknown|WESTCHESTER - WHITE PLAINS
WRB|WHIRLPOOL BRIDGE, NY|NY|unknown|WHIRLPOOL BRIDGE
YOU|YOUNGSTOWN, NY|NY|unknown|YOUNGSTOWN
AKR|AKRON, OH|OH|unknown|AKRON
ATB|ASHTABULA, OH|OH|unknown|ASHTABULA
CIN|CINCINNATI, OH|OH|unknown|CINCINNATI
CLE|CLEVELAND, OH|OH|unknown|CLEVELAND
CLM|COLUMBUS, OH|OH|unknown|COLUMBUS
LOR|LORAIN, OH|OH|unknown|LORAIN
MBO|MARBLEHEAD, OH|OH|unknown|MARBLEHEAD
SDY|SANDUSKY, OH|OH|unknown|SANDUSKY
TOL|TOLEDO, OH|OH|unknown|TOLEDO
OKC|OKLAHOMA CITY, OK|OK|unknown|OKLAHOMA CITY
TUL|TULSA, OK|OK|unknown|TULSA
AST|ASTORIA, OR|OR|unknown|ASTORIA
COO|COOS BAY, OR|OR|unknown|COOS BAY
HIO|HILLSBORO, OR|OR|unknown|HILLSBORO
MED|MEDFORD, OR|OR|unknown|MEDFORD
NPT|NEWPORT, OR|OR|unknown|NEWPORT
POO|PORTLAND, OR|OR|unknown|PORTLAND
PUT|PUT-IN-BAY, OH|OH|unknown|PUT-IN-BAY
RDM|ROBERTS FIELDS - REDMOND, OR|OR|unknown|ROBERTS FIELDS - REDMOND
ERI|ERIE, PA|PA|unknown|ERIE
MDT|HARRISBURG, PA|PA|unknown|HARRISBURG
HSB|HARRISBURG, PA|PA|unknown|HARRISBURG
PHI|PHILADELPHIA, PA|PA|unknown|PHILADELPHIA
PIT|PITTSBURGH, PA|PA|unknown|PITTSBURGH
AGU|AGUADILLA, PR|PR|unknown|AGUADILLA
BQN|BORINQUEN - AGUADILLA, PR|PR|unknown|BORINQUEN - AGUADILLA
JCP|CULEBRA - BENJAMIN RIVERA, PR|PR|unknown|CULEBRA - BENJAMIN RIVERA
ENS|ENSENADA, PR|PR|unknown|ENSENADA
FAJ|FAJARDO, PR|PR|unknown|FAJARDO
HUM|HUMACAO, PR|PR|unknown|HUMACAO
JOB|JOBOS, PR|PR|unknown|JOBOS
MAY|MAYAGUEZ, PR|PR|unknown|MAYAGUEZ
PON|PONCE, PR|PR|unknown|PONCE
PSE|PONCE-MERCEDITA, PR|PR|unknown|PONCE-MERCEDITA
SAJ|SAN JUAN, PR|PR|unknown|SAN JUAN
VQS|VIEQUES-ARPT, PR|PR|unknown|VIEQUES-ARPT
PRO|PROVIDENCE, RI|RI|unknown|PROVIDENCE
PVD|THEODORE FRANCIS - WARWICK, RI|RI|unknown|THEODORE FRANCIS - WARWICK
CHL|CHARLESTON, SC|SC|unknown|CHARLESTON
CAE|COLUMBIA, SC #ARPT|unknown|unknown|COLUMBIA, SC #ARPT
GEO|GEORGETOWN, SC|SC|unknown|GEORGETOWN
GSP|GREENVILLE, SC|SC|unknown|GREENVILLE
GRR|GREER, SC|SC|unknown|GREER
MYR|MYRTLE BEACH, SC|SC|unknown|MYRTLE BEACH
SPF|BLACK HILLS, SPEARFISH, SD|SD|unknown|BLACK HILLS, SPEARFISH
HON|HOWES REGIONAL ARPT - HURON, SD|SD|unknown|HOWES REGIONAL ARPT - HURON
SAI|SAIPAN, SPN|unknown|unknown|SAIPAN, SPN
TYS|MC GHEE TYSON - ALCOA, TN|TN|unknown|MC GHEE TYSON - ALCOA
MEM|MEMPHIS, TN|TN|unknown|MEMPHIS
NSV|NASHVILLE, TN|TN|unknown|NASHVILLE
TRI|TRI-CITIES ARPT, TN|TN|unknown|TRI-CITIES ARPT
ADS|ADDISON AIRPORT- ADDISON, TX|TX|unknown|ADDISON AIRPORT- ADDISON
ADT|AMISTAD DAM, TX|TX|unknown|AMISTAD DAM
ANZ|ANZALDUAS, TX|TX|unknown|ANZALDUAS
AUS|AUSTIN, TX|TX|unknown|AUSTIN
BEA|BEAUMONT, TX|TX|unknown|BEAUMONT
BBP|BIG BEND PARK, TX (BPS)|TX|(BPS)|BIG BEND PARK
SCC|BP SPEC COORD. CTR, TX|TX|unknown|BP SPEC COORD. CTR
BTC|BP TACTICAL UNIT, TX|TX|unknown|BP TACTICAL UNIT
BOA|BRIDGE OF AMERICAS, TX|TX|unknown|BRIDGE OF AMERICAS
BRO|BROWNSVILLE, TX|TX|unknown|BROWNSVILLE
CRP|CORPUS CHRISTI, TX|TX|unknown|CORPUS CHRISTI
DAL|DALLAS, TX|TX|unknown|DALLAS
DLR|DEL RIO, TX|TX|unknown|DEL RIO
DNA|DONNA, TX|TX|unknown|DONNA
EGP|EAGLE PASS, TX|TX|unknown|EAGLE PASS
ELP|EL PASO, TX|TX|unknown|EL PASO
FAB|FABENS, TX|TX|unknown|FABENS
FAL|FALCON HEIGHTS, TX|TX|unknown|FALCON HEIGHTS
FTH|FORT HANCOCK, TX|TX|unknown|FORT HANCOCK
AFW|FORT WORTH ALLIANCE, TX|TX|unknown|FORT WORTH ALLIANCE
FPT|FREEPORT, TX|TX|unknown|FREEPORT
GAL|GALVESTON, TX|TX|unknown|GALVESTON
HLG|HARLINGEN, TX|TX|unknown|HARLINGEN
HID|HIDALGO, TX|TX|unknown|HIDALGO
HOU|HOUSTON, TX|TX|unknown|HOUSTON
SGR|HULL FIELD, SUGAR LAND ARPT, TX|TX|unknown|HULL FIELD, SUGAR LAND ARPT
LLB|JUAREZ-LINCOLN BRIDGE, TX|TX|unknown|JUAREZ-LINCOLN BRIDGE
LCB|LAREDO COLUMBIA BRIDGE, TX|TX|unknown|LAREDO COLUMBIA BRIDGE
LRN|LAREDO NORTH, TX|TX|unknown|LAREDO NORTH
LAR|LAREDO, TX|TX|unknown|LAREDO
LSE|LOS EBANOS, TX|TX|unknown|LOS EBANOS
IND|LOS INDIOS, TX|TX|unknown|LOS INDIOS
LOI|LOS INDIOS, TX|TX|unknown|LOS INDIOS
MRS|MARFA, TX (BPS)|TX|(BPS)|MARFA
MCA|MCALLEN, TX|TX|unknown|MCALLEN
MAF|ODESSA REGIONAL, TX|TX|unknown|ODESSA REGIONAL
PDN|PASO DEL NORTE,TX|unknown|unknown|PASO DEL NORTE,TX
PBB|PEACE BRIDGE, NY|NY|unknown|PEACE BRIDGE
PHR|PHARR, TX|TX|unknown|PHARR
PAR|PORT ARTHUR, TX|TX|unknown|PORT ARTHUR
ISB|PORT ISABEL, TX|TX|unknown|PORT ISABEL
POE|PORT OF EL PASO, TX|TX|unknown|PORT OF EL PASO
PRE|PRESIDIO, TX|TX|unknown|PRESIDIO
PGR|PROGRESO, TX|TX|unknown|PROGRESO
RIO|RIO GRANDE CITY, TX|TX|unknown|RIO GRANDE CITY
ROM|ROMA, TX|TX|unknown|ROMA
SNA|SAN ANTONIO, TX|TX|unknown|SAN ANTONIO
SNN|SANDERSON, TX|TX|unknown|SANDERSON
VIB|VETERAN INTL BRIDGE, TX|TX|unknown|VETERAN INTL BRIDGE
YSL|YSLETA, TX|TX|unknown|YSLETA
CHA|CHARLOTTE AMALIE, VI|VI|unknown|CHARLOTTE AMALIE
CHR|CHRISTIANSTED, VI|VI|unknown|CHRISTIANSTED
CRU|CRUZ BAY, ST JOHN, VI|VI|unknown|CRUZ BAY, ST JOHN
FRK|FREDERIKSTED, VI|VI|unknown|FREDERIKSTED
STT|ST THOMAS, VI|VI|unknown|ST THOMAS
LGU|CACHE AIRPORT - LOGAN, UT|UT|unknown|CACHE AIRPORT - LOGAN
SLC|SALT LAKE CITY, UT|UT|unknown|SALT LAKE CITY
CHO|ALBEMARLE CHARLOTTESVILLE, VA|VA|unknown|ALBEMARLE CHARLOTTESVILLE
DAA|DAVISON AAF - FAIRFAX CNTY, VA|VA|unknown|DAVISON AAF - FAIRFAX CNTY
HOP|HOPEWELL, VA|VA|unknown|HOPEWELL
HEF|MANASSAS, VA #ARPT|unknown|unknown|MANASSAS, VA #ARPT
NWN|NEWPORT, VA|VA|unknown|NEWPORT
NOR|NORFOLK, VA|VA|unknown|NORFOLK
RCM|RICHMOND, VA|VA|unknown|RICHMOND
ABS|ALBURG SPRINGS, VT|VT|unknown|ALBURG SPRINGS
ABG|ALBURG, VT|VT|unknown|ALBURG
BEB|BEEBE PLAIN, VT|VT|unknown|BEEBE PLAIN
BEE|BEECHER FALLS, VT|VT|unknown|BEECHER FALLS
BRG|BURLINGTON, VT|VT|unknown|BURLINGTON
CNA|CANAAN, VT|VT|unknown|CANAAN
DER|DERBY LINE, VT (I-91)|unknown|unknown|DERBY LINE, VT (I-91)
DLV|DERBY LINE, VT (RT. 5)|unknown|unknown|DERBY LINE, VT (RT. 5)
ERC|EAST RICHFORD, VT|VT|unknown|EAST RICHFORD
HIG|HIGHGATE SPRINGS, VT|VT|unknown|HIGHGATE SPRINGS
MOR|MORSES LINE, VT|VT|unknown|MORSES LINE
NPV|NEWPORT, VT|VT|unknown|NEWPORT
NRT|NORTH TROY, VT|VT|unknown|NORTH TROY
NRN|NORTON, VT|VT|unknown|NORTON
PIV|PINNACLE ROAD, VT|VT|unknown|PINNACLE ROAD
RIF|RICHFORD, VT|VT|unknown|RICHFORD
STA|ST ALBANS, VT|VT|unknown|ST ALBANS
SWB|SWANTON, VT (BP - SECTOR HQ)|unknown|unknown|SWANTON, VT (BP - SECTOR HQ)
WBE|WEST BERKSHIRE, VT|VT|unknown|WEST BERKSHIRE
ABE|ABERDEEN, WA|WA|unknown|ABERDEEN
ANA|ANACORTES, WA|WA|unknown|ANACORTES
BEL|BELLINGHAM, WA|WA|unknown|BELLINGHAM
BLI|BELLINGHAM, WASHINGTON #INTL|unknown|unknown|BELLINGHAM, WASHINGTON #INTL
BLA|BLAINE, WA|WA|unknown|BLAINE
BWA|BOUNDARY, WA|WA|unknown|BOUNDARY
CUR|CURLEW, WA (BPS)|WA|(BPS)|CURLEW
DVL|DANVILLE, WA|WA|unknown|DANVILLE
EVE|EVERETT, WA|WA|unknown|EVERETT
FER|FERRY, WA|WA|unknown|FERRY
FRI|FRIDAY HARBOR, WA|WA|unknown|FRIDAY HARBOR
FWA|FRONTIER, WA|WA|unknown|FRONTIER
KLM|KALAMA, WA|WA|unknown|KALAMA
LAU|LAURIER, WA|WA|unknown|LAURIER
LON|LONGVIEW, WA|WA|unknown|LONGVIEW
MET|METALINE FALLS, WA|WA|unknown|METALINE FALLS
MWH|MOSES LAKE GRANT COUNTY ARPT, WA|WA|unknown|MOSES LAKE GRANT COUNTY ARPT
NEA|NEAH BAY, WA|WA|unknown|NEAH BAY
NIG|NIGHTHAWK, WA|WA|unknown|NIGHTHAWK
OLY|OLYMPIA, WA|WA|unknown|OLYMPIA
ORO|OROVILLE, WA|WA|unknown|OROVILLE
PWB|PASCO, WA|WA|unknown|PASCO
PIR|POINT ROBERTS, WA|WA|unknown|POINT ROBERTS
PNG|PORT ANGELES, WA|WA|unknown|PORT ANGELES
PTO|PORT TOWNSEND, WA|WA|unknown|PORT TOWNSEND
SEA|SEATTLE, WA|WA|unknown|SEATTLE
SPO|SPOKANE, WA|WA|unknown|SPOKANE
SUM|SUMAS, WA|WA|unknown|SUMAS
TAC|TACOMA, WA|WA|unknown|TACOMA
PSC|TRI-CITIES - PASCO, WA|WA|unknown|TRI-CITIES - PASCO
VAN|VANCOUVER, WA|WA|unknown|VANCOUVER
AGM|ALGOMA, WI|WI|unknown|ALGOMA
BAY|BAYFIELD, WI|WI|unknown|BAYFIELD
GRB|GREEN BAY, WI|WI|unknown|GREEN BAY
MNW|MANITOWOC, WI|WI|unknown|MANITOWOC
MIL|MILWAUKEE, WI|WI|unknown|MILWAUKEE
MSN|TRUAX FIELD - DANE COUNTY, WI|WI|unknown|TRUAX FIELD - DANE COUNTY
CHS|CHARLESTON, WV|WV|unknown|CHARLESTON
CLK|CLARKSBURG, WV|WV|unknown|CLARKSBURG
BLF|MERCER COUNTY, WV|WV|unknown|MERCER COUNTY
CSP|CASPER, WY|WY|unknown|CASPER
XXX|NOT REPORTED/UNKNOWN|unknown|unknown|NOT REPORTED/UNKNOWN
888|UNIDENTIFED AIR / SEAPORT|unknown|unknown|UNIDENTIFED AIR / SEAPORT
UNK|UNKNOWN POE|unknown|unknown|UNKNOWN POE
CLG|CALGARY, CANADA|unknown|unknown|CALGARY, CANADA
EDA|EDMONTON, CANADA|unknown|unknown|EDMONTON, CANADA
YHC|HAKAI PASS, CANADA|unknown|unknown|HAKAI PASS, CANADA
HAL|Halifax, NS, Canada|unknown|unknown|Halifax, NS, Canada
MON|MONTREAL, CANADA|unknown|unknown|MONTREAL, CANADA
OTT|OTTAWA, CANADA|unknown|unknown|OTTAWA, CANADA
YXE|SASKATOON, CANADA|unknown|unknown|SASKATOON, CANADA
TOR|TORONTO, CANADA|unknown|unknown|TORONTO, CANADA
VCV|VANCOUVER, CANADA|unknown|unknown|VANCOUVER, CANADA
VIC|VICTORIA, CANADA|unknown|unknown|VICTORIA, CANADA
WIN|WINNIPEG, CANADA|unknown|unknown|WINNIPEG, CANADA
AMS|AMSTERDAM-SCHIPHOL, NETHERLANDS|unknown|unknown|AMSTERDAM-SCHIPHOL, NETHERLANDS
ARB|ARUBA, NETH ANTILLES|unknown|unknown|ARUBA, NETH ANTILLES
BAN|BANKOK, THAILAND|unknown|unknown|BANKOK, THAILAND
BEI|BEICA #ARPT, ETHIOPIA|unknown|unknown|BEICA #ARPT, ETHIOPIA
PEK|BEIJING CAPITAL INTL, PRC|unknown|unknown|BEIJING CAPITAL INTL, PRC
BDA|KINDLEY FIELD, BERMUDA|unknown|unknown|KINDLEY FIELD, BERMUDA
BOG|BOGOTA, EL DORADO #ARPT, COLOMBIA|unknown|unknown|BOGOTA, EL DORADO #ARPT, COLOMBIA
EZE|BUENOS AIRES, MINISTRO PIST, ARGENTINA|unknown|unknown|BUENOS AIRES, MINISTRO PIST, ARGENTINA
CUN|CANCUN, MEXICO|unknown|unknown|CANCUN, MEXICO
CRQ|CARAVELAS, BA #ARPT, BRAZIL|unknown|unknown|CARAVELAS, BA #ARPT, BRAZIL
MVD|CARRASCO, URUGUAY|unknown|unknown|CARRASCO, URUGUAY
DUB|DUBLIN, IRELAND|unknown|unknown|DUBLIN, IRELAND
FOU|FOUGAMOU #ARPT, GABON|unknown|unknown|FOUGAMOU #ARPT, GABON
FBA|FREEPORT, BAHAMAS|unknown|unknown|FREEPORT, BAHAMAS
MTY|GEN M. ESCOBEDO, Monterrey, MX|MX|unknown|GEN M. ESCOBEDO, Monterrey
HMO|GEN PESQUEIRA GARCIA, MX|MX|unknown|GEN PESQUEIRA GARCIA
GCM|GRAND CAYMAN, CAYMAN ISLAND|unknown|unknown|GRAND CAYMAN, CAYMAN ISLAND
GDL|GUADALAJARA, MIGUEL HIDAL, MX|MX|unknown|GUADALAJARA, MIGUEL HIDAL
HAM|HAMILTON, BERMUDA|unknown|unknown|HAMILTON, BERMUDA
ICN|INCHEON, SEOUL KOREA|unknown|unknown|INCHEON, SEOUL KOREA
IWA|INVALID - IWAKUNI, JAPAN|unknown|unknown|INVALID - IWAKUNI, JAPAN
CND|KOGALNICEANU, ROMANIA|unknown|unknown|KOGALNICEANU, ROMANIA
LAH|LABUHA ARPT, INDONESIA|unknown|unknown|LABUHA ARPT, INDONESIA
DUR|LOUIS BOTHA, SOUTH AFRICA|unknown|unknown|LOUIS BOTHA, SOUTH AFRICA
MAL|MANGOLE ARPT, INDONESIA|unknown|unknown|MANGOLE ARPT, INDONESIA
MDE|MEDELLIN, COLOMBIA|unknown|unknown|MEDELLIN, COLOMBIA
MEX|JUAREZ INTL, MEXICO CITY, MX|MX|unknown|JUAREZ INTL, MEXICO CITY
LHR|MIDDLESEX, ENGLAND|unknown|unknown|MIDDLESEX, ENGLAND
NBO|NAIROBI, KENYA|unknown|unknown|NAIROBI, KENYA
NAS|NASSAU, BAHAMAS|unknown|unknown|NASSAU, BAHAMAS
NCA|NORTH CAICOS, TURK & CAIMAN|unknown|unknown|NORTH CAICOS, TURK & CAIMAN
PTY|OMAR TORRIJOS, PANAMA|unknown|unknown|OMAR TORRIJOS, PANAMA
SPV|PAPUA, NEW GUINEA|unknown|unknown|PAPUA, NEW GUINEA
UIO|QUITO (MARISCAL SUCR), ECUADOR|unknown|unknown|QUITO (MARISCAL SUCR), ECUADOR
RIT|ROME, ITALY|unknown|unknown|ROME, ITALY
SNO|SAKON NAKHON #ARPT, THAILAND|unknown|unknown|SAKON NAKHON #ARPT, THAILAND
SLP|SAN LUIS POTOSI #ARPT, MEXICO|unknown|unknown|SAN LUIS POTOSI #ARPT, MEXICO
SAN|SAN SALVADOR, EL SALVADOR|unknown|unknown|SAN SALVADOR, EL SALVADOR
SRO|SANTANA RAMOS #ARPT, COLOMBIA|unknown|unknown|SANTANA RAMOS #ARPT, COLOMBIA
GRU|GUARULHOS INTL, SAO PAULO, BRAZIL|unknown|unknown|GUARULHOS INTL, SAO PAULO, BRAZIL
SHA|SHANNON, IRELAND|unknown|unknown|SHANNON, IRELAND
HIL|SHILAVO, ETHIOPIA|unknown|unknown|SHILAVO, ETHIOPIA
TOK|TOROKINA #ARPT, PAPUA, NEW GUINEA|unknown|unknown|TOROKINA #ARPT, PAPUA, NEW GUINEA
VER|VERACRUZ, MEXICO|unknown|unknown|VERACRUZ, MEXICO
LGW|WEST SUSSEX, ENGLAND|unknown|unknown|WEST SUSSEX, ENGLAND
ZZZ|MEXICO Land (Banco de Mexico)|unknown|unknown|MEXICO Land (Banco de Mexico)
CHN|No PORT Code (CHN)|unknown|unknown|No PORT Code (CHN)
CNC|CANNON CORNERS, NY|NY|unknown|CANNON CORNERS
MAA|Abu Dhabi|unknown|unknown|Abu Dhabi
AG0|MAGNOLIA, AR|AR|unknown|MAGNOLIA
BHM|BAR HARBOR, ME|ME|unknown|BAR HARBOR
BHX|BIRMINGHAM, AL|AL|unknown|BIRMINGHAM
CAK|AKRON, OH|OH|unknown|AKRON
FOK|SUFFOLK COUNTY, NY|NY|unknown|SUFFOLK COUNTY
LND|LANDER, WY|WY|unknown|LANDER
MAR|MARFA, TX|TX|unknown|MARFA
MLI|MOLINE, IL|IL|unknown|MOLINE
RIV|RIVERSIDE, CA|CA|unknown|RIVERSIDE
RME|ROME, NY|NY|unknown|ROME
VNY|VAN NUYS, CA|CA|unknown|VAN NUYS
YUM|YUMA, AZ|AZ|unknown|YUMA
FRG|Collapsed (FOK) 06/15|unknown|unknown|Collapsed (FOK) 06/15
HRL|Collapsed (HLG) 06/15|unknown|unknown|Collapsed (HLG) 06/15
ISP|Collapsed (FOK) 06/15|unknown|unknown|Collapsed (FOK) 06/15
JSJ|Collapsed (SAJ) 06/15|unknown|unknown|Collapsed (SAJ) 06/15
BUS|Collapsed (BUF) 06/15|unknown|unknown|Collapsed (BUF) 06/15
IAG|Collapsed (NIA) 06/15|unknown|unknown|Collapsed (NIA) 06/15
PHN|Collapsed (PHU) 06/15|unknown|unknown|Collapsed (PHU) 06/15
STN|Collapsed (STR) 06/15|unknown|unknown|Collapsed (STR) 06/15
VMB|Collapsed (VNB) 06/15|unknown|unknown|Collapsed (VNB) 06/15
T01|Collapsed (SEA) 06/15|unknown|unknown|Collapsed (SEA) 06/15
PHF|No PORT Code (PHF)|unknown|unknown|No PORT Code (PHF)
DRV|No PORT Code (DRV)|unknown|unknown|No PORT Code (DRV)
FTB|No PORT Code (FTB)|unknown|unknown|No PORT Code (FTB)
GAC|No PORT Code (GAC)|unknown|unknown|No PORT Code (GAC)
GMT|No PORT Code (GMT)|unknown|unknown|No PORT Code (GMT)
JFA|No PORT Code (JFA)|unknown|unknown|No PORT Code (JFA)
JMZ|No PORT Code (JMZ)|unknown|unknown|No PORT Code (JMZ)
NC8|No PORT Code (NC8)|unknown|unknown|No PORT Code (NC8)
NYL|No PORT Code (NYL)|unknown|unknown|No PORT Code (NYL)
OAI|No PORT Code (OAI)|unknown|unknown|No PORT Code (OAI)
PCW|No PORT Code (PCW)|unknown|unknown|No PORT Code (PCW)
WA5|No PORT Code (WAS)|unknown|unknown|No PORT Code (WAS)
WTR|No PORT Code (WTR)|unknown|unknown|No PORT Code (WTR)
X96|No PORT Code (X96)|unknown|unknown|No PORT Code (X96)
XNA|No PORT Code (XNA)|unknown|unknown|No PORT Code (XNA)
YGF|No PORT Code (YGF)|unknown|unknown|No PORT Code (YGF)
5T6|No PORT Code (5T6)|unknown|unknown|No PORT Code (5T6)
060|No PORT Code (60)|unknown|unknown|No PORT Code (60)
SP0|No PORT Code (SP0)|unknown|unknown|No PORT Code (SP0)
W55|No PORT Code (W55)|unknown|unknown|No PORT Code (W55)
X44|No PORT Code (X44)|unknown|unknown|No PORT Code (X44)
AUH|No PORT Code (AUH)|unknown|unknown|No PORT Code (AUH)
RYY|No PORT Code (RYY)|unknown|unknown|No PORT Code (RYY)
SUS|No PORT Code (SUS)|unknown|unknown|No PORT Code (SUS)
74S|No PORT Code (74S)|unknown|unknown|No PORT Code (74S)
ATW|No PORT Code (ATW)|unknown|unknown|No PORT Code (ATW)
CPX|No PORT Code (CPX)|unknown|unknown|No PORT Code (CPX)
MTH|No PORT Code (MTH)|unknown|unknown|No PORT Code (MTH)
PFN|No PORT Code (PFN)|unknown|unknown|No PORT Code (PFN)
SCH|No PORT Code (SCH)|unknown|unknown|No PORT Code (SCH)
ASI|No PORT Code (ASI)|unknown|unknown|No PORT Code (ASI)
BKF|No PORT Code (BKF)|unknown|unknown|No PORT Code (BKF)
DAY|No PORT Code (DAY)|unknown|unknown|No PORT Code (DAY)
Y62|No PORT Code (Y62)|unknown|unknown|No PORT Code (Y62)
AG|No PORT Code (AG)|unknown|unknown|No PORT Code (AG)
BCM|No PORT Code (BCM)|unknown|unknown|No PORT Code (BCM)
DEC|No PORT Code (DEC)|unknown|unknown|No PORT Code (DEC)
PLB|No PORT Code (PLB)|unknown|unknown|No PORT Code (PLB)
CXO|No PORT Code (CXO)|unknown|unknown|No PORT Code (CXO)
JBQ|No PORT Code (JBQ)|unknown|unknown|No PORT Code (JBQ)
JIG|No PORT Code (JIG)|unknown|unknown|No PORT Code (JIG)
OGS|No PORT Code (OGS)|unknown|unknown|No PORT Code (OGS)
TIW|No PORT Code (TIW)|unknown|unknown|No PORT Code (TIW)
OTS|No PORT Code (OTS)|unknown|unknown|No PORT Code (OTS)
AMT|No PORT Code (AMT)|unknown|unknown|No PORT Code (AMT)
EGE|No PORT Code (EGE)|unknown|unknown|No PORT Code (EGE)
GPI|No PORT Code (GPI)|unknown|unknown|No PORT Code (GPI)
NGL|No PORT Code (NGL)|unknown|unknown|No PORT Code (NGL)
OLM|No PORT Code (OLM)|unknown|unknown|No PORT Code (OLM)
.GA|No PORT Code (.GA)|unknown|unknown|No PORT Code (.GA)
CLX|No PORT Code (CLX)|unknown|unknown|No PORT Code (CLX)
CP|No PORT Code (CP)|unknown|unknown|No PORT Code (CP)
FSC|No PORT Code (FSC)|unknown|unknown|No PORT Code (FSC)
NK|No PORT Code (NK)|unknown|unknown|No PORT Code (NK)
ADU|No PORT Code (ADU)|unknown|unknown|No PORT Code (ADU)
AKT|No PORT Code (AKT)|unknown|unknown|No PORT Code (AKT)
LIT|No PORT Code (LIT)|unknown|unknown|No PORT Code (LIT)
A2A|No PORT Code (A2A)|unknown|unknown|No PORT Code (A2A)
OSN|No PORT Code (OSN)|unknown|unknown|No PORT Code (OSN)
